file,company,url,checked
instagram-agency-comparison.html,COCOマーケ（株式会社ホットセラー）,https://www.cocomarke.com/,2026-08-20
instagram-agency-comparison.html,SAKIYOMI,,
instagram-agency-comparison.html,toridori likes,,
instagram-agency-comparison.html,リプカ,,
instagram-agency-comparison.html,ハーマンドット,,
instagram-agency-comparison.html,Find Model,,
instagram-agency-comparison.html,テテマーチ,,
instagram-agency-comparison.html,アルパカSNS,,
instagram-agency-comparison.html,サイバー・バズ,,
instagram-agency-comparison.html,フルスピード,,
sns-agency-comparison.html,COCOマーケ（株式会社ホットセラー）,https://www.cocomarke.com/,2026-08-20
sns-agency-comparison.html,SAKIYOMI,,
sns-agency-comparison.html,テテマーチ,,
sns-agency-comparison.html,Find Model,,
sns-agency-comparison.html,サイバー・バズ,,
sns-agency-comparison.html,ライスカレー,,
sns-agency-comparison.html,Natee,,
sns-agency-comparison.html,ハーマンドット,,
sns-agency-comparison.html,toridori likes,,
sns-agency-comparison.html,リプカ,,
sns-agency-comparison.html,アルパカSNS,,
sns-agency-comparison.html,フルスピード,,
tiktok-agency-comparison.html,Natee（ナティ）,,
tiktok-agency-comparison.html,GROVE（グローブ）,,
tiktok-agency-comparison.html,Pamxy（パムクシー）,,
tiktok-agency-comparison.html,studio15（スタジオフィフティーン）,,
tiktok-agency-comparison.html,TORIHADA（PPP STUDIO）,,
tiktok-agency-comparison.html,サイバー・バズ,,
tiktok-agency-comparison.html,フルスピード,,
tiktok-agency-comparison.html,ホットリンク,,
tiktok-agency-comparison.html,EMOLVA（エモルバ）,,
marketing-agency-comparison.html,COCOマーケ（株式会社ホットセラー）,https://www.cocomarke.com/,2026-08-20
marketing-agency-comparison.html,ナイル,,
marketing-agency-comparison.html,キーワードマーケティング,,
marketing-agency-comparison.html,WACUL（ワカル）,,
marketing-agency-comparison.html,PLAN-B,,
marketing-agency-comparison.html,アナグラム,,
marketing-agency-comparison.html,フルスピード,,
marketing-agency-comparison.html,デジタルアイデンティティ,,
marketing-agency-comparison.html,ネオキャリア,,
marketing-agency-comparison.html,CARRYME（キャリーミー）,,
